Id,arrival,departure,driver,loc_id
1,2025-02-03 09:23:00,2025-02-03 10:23:00,10011,134
2,2025-02-03 10:47:00,2025-02-03 11:41:00,10011,123
3,2025-02-03 12:10:00,2025-02-03 12:31:00,10011,134
4,2025-02-03 13:33:00,2025-02-03 14:27:00,10011,135
5,2025-02-03 14:57:00,2025-02-03 15:36:00,10011,120
6,2025-02-03 16:20:00,2025-02-03 16:38:00,10011,122
7,2025-02-03 17:43:00,2025-02-03 19:01:00,10011,132
8,2025-02-03 19:07:00,2025-02-03 20:24:00,10011,115
9,2025-02-03 09:23:00,2025-02-03 10:29:00,10011,134
10,2025-02-03 10:47:00,2025-02-03 11:32:00,10011,119
11,2025-02-03 12:10:00,2025-02-03 12:24:00,10011,134
12,2025-02-03 13:33:00,2025-02-03 14:16:00,10011,113
13,2025-02-03 14:57:00,2025-02-03 16:02:00,10011,125
14,2025-02-03 16:20:00,2025-02-03 17:37:00,10011,134
15,2025-02-03 17:43:00,2025-02-03 18:04:00,10011,127
16,2025-02-03 19:07:00,2025-02-03 20:16:00,10011,131
17,2025-02-03 09:41:00,2025-02-03 10:46:00,10004,130
18,2025-02-03 11:21:00,2025-02-03 12:09:00,10004,126
19,2025-02-03 13:02:00,2025-02-03 13:14:00,10004,133
20,2025-02-03 14:43:00,2025-02-03 15:59:00,10004,116
21,2025-02-03 16:24:00,2025-02-03 16:55:00,10004,130
22,2025-02-03 18:04:00,2025-02-03 18:17:00,10004,133
23,2025-02-03 09:41:00,2025-02-03 09:54:00,10004,123
24,2025-02-03 11:21:00,2025-02-03 12:33:00,10004,128
25,2025-02-03 13:02:00,2025-02-03 14:03:00,10004,117
26,2025-02-03 14:43:00,2025-02-03 15:12:00,10004,112
27,2025-02-03 16:24:00,2025-02-03 17:39:00,10004,120
28,2025-02-03 18:04:00,2025-02-03 19:11:00,10004,115
29,2025-02-03 09:18:00,2025-02-03 09:50:00,10003,113
30,2025-02-03 10:36:00,2025-02-03 11:07:00,10003,114
31,2025-02-03 11:54:00,2025-02-03 12:41:00,10003,113
32,2025-02-03 13:12:00,2025-02-03 14:10:00,10003,132
33,2025-02-03 14:30:00,2025-02-03 15:17:00,10003,116
34,2025-02-03 15:48:00,2025-02-03 16:11:00,10003,131
35,2025-02-03 17:06:00,2025-02-03 17:46:00,10003,124
36,2025-02-03 18:24:00,2025-02-03 19:32:00,10003,130
37,2025-02-03 19:42:00,2025-02-03 20:40:00,10003,131
38,2025-02-03 09:18:00,2025-02-03 10:21:00,10003,128
39,2025-02-03 10:36:00,2025-02-03 11:25:00,10003,122
40,2025-02-03 11:54:00,2025-02-03 12:17:00,10003,133
41,2025-02-03 13:12:00,2025-02-03 13:34:00,10003,113
42,2025-02-03 14:30:00,2025-02-03 14:56:00,10003,114
43,2025-02-03 15:48:00,2025-02-03 16:07:00,10003,112
44,2025-02-03 17:06:00,2025-02-03 18:11:00,10003,131
45,2025-02-03 18:24:00,2025-02-03 19:11:00,10003,119
46,2025-02-03 19:42:00,2025-02-03 19:52:00,10003,117
47,2025-02-03 09:32:00,2025-02-03 10:11:00,10001,114
48,2025-02-03 11:04:00,2025-02-03 11:59:00,10001,125
49,2025-02-03 12:36:00,2025-02-03 13:44:00,10001,128
50,2025-02-03 14:08:00,2025-02-03 15:21:00,10001,136
51,2025-02-03 15:39:00,2025-02-03 16:32:00,10001,124
52,2025-02-03 17:11:00,2025-02-03 17:51:00,10001,123
53,2025-02-03 18:43:00,2025-02-03 19:04:00,10001,117
54,2025-02-03 09:32:00,2025-02-03 10:18:00,10001,112
55,2025-02-03 11:04:00,2025-02-03 11:42:00,10001,136
56,2025-02-03 12:36:00,2025-02-03 13:18:00,10001,116
57,2025-02-03 14:08:00,2025-02-03 14:47:00,10001,117
58,2025-02-03 15:39:00,2025-02-03 16:45:00,10001,112
59,2025-02-03 17:11:00,2025-02-03 17:35:00,10001,119
60,2025-02-03 18:43:00,2025-02-03 19:06:00,10001,129
61,2025-02-04 09:55:00,2025-02-04 10:51:00,10011,130
62,2025-02-04 11:50:00,2025-02-04 12:16:00,10011,118
63,2025-02-04 13:45:00,2025-02-04 14:09:00,10011,124
64,2025-02-04 15:40:00,2025-02-04 16:20:00,10011,117
65,2025-02-04 17:35:00,2025-02-04 18:32:00,10011,133
66,2025-02-04 09:55:00,2025-02-04 10:13:00,10011,125
67,2025-02-04 11:50:00,2025-02-04 12:08:00,10011,113
68,2025-02-04 13:45:00,2025-02-04 14:02:00,10011,117
69,2025-02-04 15:40:00,2025-02-04 16:35:00,10011,127
70,2025-02-04 17:35:00,2025-02-04 18:45:00,10011,114
71,2025-02-04 09:20:00,2025-02-04 10:06:00,10004,128
72,2025-02-04 10:40:00,2025-02-04 11:04:00,10004,119
73,2025-02-04 12:00:00,2025-02-04 12:39:00,10004,115
74,2025-02-04 13:20:00,2025-02-04 14:22:00,10004,121
75,2025-02-04 14:40:00,2025-02-04 15:45:00,10004,132
76,2025-02-04 16:00:00,2025-02-04 16:30:00,10004,135
77,2025-02-04 17:20:00,2025-02-04 17:37:00,10004,134
78,2025-02-04 18:40:00,2025-02-04 18:57:00,10004,127
79,2025-02-04 09:20:00,2025-02-04 10:10:00,10004,127
80,2025-02-04 10:40:00,2025-02-04 10:57:00,10004,112
81,2025-02-04 12:00:00,2025-02-04 12:24:00,10004,129
82,2025-02-04 13:20:00,2025-02-04 14:09:00,10004,127
83,2025-02-04 14:40:00,2025-02-04 15:38:00,10004,129
84,2025-02-04 16:00:00,2025-02-04 17:05:00,10004,126
85,2025-02-04 17:20:00,2025-02-04 17:56:00,10004,133
86,2025-02-04 18:40:00,2025-02-04 18:51:00,10004,126
87,2025-02-04 09:36:00,2025-02-04 10:11:00,10003,113
88,2025-02-04 11:11:00,2025-02-04 11:41:00,10003,135
89,2025-02-04 12:47:00,2025-02-04 13:29:00,10003,114
90,2025-02-04 14:23:00,2025-02-04 15:16:00,10003,132
91,2025-02-04 15:58:00,2025-02-04 16:53:00,10003,130
92,2025-02-04 17:34:00,2025-02-04 17:59:00,10003,116
93,2025-02-04 19:09:00,2025-02-04 19:20:00,10003,125
94,2025-02-04 09:36:00,2025-02-04 10:01:00,10003,131
95,2025-02-04 11:11:00,2025-02-04 12:29:00,10003,120
96,2025-02-04 12:47:00,2025-02-04 13:56:00,10003,120
97,2025-02-04 14:23:00,2025-02-04 14:57:00,10003,121
98,2025-02-04 15:58:00,2025-02-04 16:33:00,10003,122
99,2025-02-04 17:34:00,2025-02-04 18:40:00,10003,126
100,2025-02-04 19:09:00,2025-02-04 19:45:00,10003,122
101,2025-02-04 09:36:00,2025-02-04 10:34:00,10001,118
102,2025-02-04 11:13:00,2025-02-04 11:56:00,10001,133
103,2025-02-04 12:49:00,2025-02-04 13:20:00,10001,125
104,2025-02-04 14:26:00,2025-02-04 14:43:00,10001,121
105,2025-02-04 16:02:00,2025-02-04 17:14:00,10001,113
106,2025-02-04 17:39:00,2025-02-04 18:04:00,10001,120
107,2025-02-04 09:36:00,2025-02-04 10:46:00,10001,122
108,2025-02-04 11:13:00,2025-02-04 12:20:00,10001,112
109,2025-02-04 12:49:00,2025-02-04 13:47:00,10001,118
110,2025-02-04 14:26:00,2025-02-04 14:54:00,10001,130
111,2025-02-04 16:02:00,2025-02-04 16:58:00,10001,123
112,2025-02-04 17:39:00,2025-02-04 18:15:00,10001,116
113,2025-02-05 09:18:00,2025-02-05 09:54:00,10011,114
114,2025-02-05 10:36:00,2025-02-05 10:53:00,10011,122
115,2025-02-05 11:54:00,2025-02-05 12:33:00,10011,117
116,2025-02-05 13:12:00,2025-02-05 14:08:00,10011,116
117,2025-02-05 14:30:00,2025-02-05 14:56:00,10011,128
118,2025-02-05 15:48:00,2025-02-05 16:29:00,10011,124
119,2025-02-05 17:06:00,2025-02-05 17:51:00,10011,118
120,2025-02-05 18:24:00,2025-02-05 19:26:00,10011,133
121,2025-02-05 19:42:00,2025-02-05 20:20:00,10011,132
122,2025-02-05 09:18:00,2025-02-05 09:52:00,10011,130
123,2025-02-05 10:36:00,2025-02-05 11:29:00,10011,129
124,2025-02-05 11:54:00,2025-02-05 12:16:00,10011,126
125,2025-02-05 13:12:00,2025-02-05 14:29:00,10011,124
126,2025-02-05 14:30:00,2025-02-05 15:43:00,10011,114
127,2025-02-05 15:48:00,2025-02-05 17:05:00,10011,125
128,2025-02-05 17:06:00,2025-02-05 18:20:00,10011,117
129,2025-02-05 18:24:00,2025-02-05 19:22:00,10011,130
130,2025-02-05 19:42:00,2025-02-05 20:25:00,10011,121
131,2025-02-05 09:34:00,2025-02-05 10:47:00,10004,136
132,2025-02-05 11:08:00,2025-02-05 11:32:00,10004,133
133,2025-02-05 12:41:00,2025-02-05 12:55:00,10004,118
134,2025-02-05 14:15:00,2025-02-05 15:13:00,10004,116
135,2025-02-05 15:49:00,2025-02-05 17:01:00,10004,116
136,2025-02-05 17:23:00,2025-02-05 18:16:00,10004,131
137,2025-02-05 18:56:00,2025-02-05 19:06:00,10004,136
138,2025-02-05 09:34:00,2025-02-05 09:57:00,10004,122
139,2025-02-05 11:08:00,2025-02-05 11:25:00,10004,116
140,2025-02-05 12:41:00,2025-02-05 13:45:00,10004,119
141,2025-02-05 14:15:00,2025-02-05 15:07:00,10004,123
142,2025-02-05 15:49:00,2025-02-05 16:12:00,10004,123
143,2025-02-05 17:23:00,2025-02-05 18:15:00,10004,126
144,2025-02-05 18:56:00,2025-02-05 19:27:00,10004,115
145,2025-02-05 09:41:00,2025-02-05 10:57:00,10003,119
146,2025-02-05 11:21:00,2025-02-05 11:44:00,10003,131
147,2025-02-05 13:02:00,2025-02-05 13:46:00,10003,119
148,2025-02-05 14:43:00,2025-02-05 15:00:00,10003,128
149,2025-02-05 16:24:00,2025-02-05 16:57:00,10003,121
150,2025-02-05 18:04:00,2025-02-05 18:31:00,10003,124
151,2025-02-05 09:41:00,2025-02-05 10:32:00,10003,135
152,2025-02-05 11:21:00,2025-02-05 12:06:00,10003,130
153,2025-02-05 13:02:00,2025-02-05 13:31:00,10003,125
154,2025-02-05 14:43:00,2025-02-05 15:12:00,10003,112
155,2025-02-05 16:24:00,2025-02-05 17:30:00,10003,116
156,2025-02-05 18:04:00,2025-02-05 18:16:00,10003,116
157,2025-02-05 09:20:00,2025-02-05 09:53:00,10001,134
158,2025-02-05 10:40:00,2025-02-05 10:50:00,10001,121
159,2025-02-05 12:00:00,2025-02-05 13:10:00,10001,118
160,2025-02-05 13:20:00,2025-02-05 13:47:00,10001,131
161,2025-02-05 14:40:00,2025-02-05 15:34:00,10001,122
162,2025-02-05 16:00:00,2025-02-05 16:17:00,10001,132
163,2025-02-05 17:20:00,2025-02-05 17:32:00,10001,119
164,2025-02-05 18:40:00,2025-02-05 19:11:00,10001,118
165,2025-02-05 09:20:00,2025-02-05 10:31:00,10001,130
166,2025-02-05 10:40:00,2025-02-05 11:53:00,10001,134
167,2025-02-05 12:00:00,2025-02-05 12:13:00,10001,112
168,2025-02-05 13:20:00,2025-02-05 13:55:00,10001,113
169,2025-02-05 14:40:00,2025-02-05 15:19:00,10001,114
170,2025-02-05 16:00:00,2025-02-05 16:47:00,10001,134
171,2025-02-05 17:20:00,2025-02-05 17:55:00,10001,128
172,2025-02-05 18:40:00,2025-02-05 19:08:00,10001,116
173,2025-02-06 09:53:00,2025-02-06 10:22:00,10011,121
174,2025-02-06 11:45:00,2025-02-06 11:56:00,10011,121
175,2025-02-06 13:38:00,2025-02-06 14:27:00,10011,117
176,2025-02-06 15:30:00,2025-02-06 16:26:00,10011,133
177,2025-02-06 17:23:00,2025-02-06 17:43:00,10011,113
178,2025-02-06 09:53:00,2025-02-06 10:07:00,10011,129
179,2025-02-06 11:45:00,2025-02-06 12:27:00,10011,113
180,2025-02-06 13:38:00,2025-02-06 14:19:00,10011,117
181,2025-02-06 15:30:00,2025-02-06 15:53:00,10011,128
182,2025-02-06 17:23:00,2025-02-06 17:43:00,10011,124
183,2025-02-06 09:25:00,2025-02-06 09:54:00,10004,112
184,2025-02-06 10:50:00,2025-02-06 11:40:00,10004,133
185,2025-02-06 12:15:00,2025-02-06 12:40:00,10004,126
186,2025-02-06 13:40:00,2025-02-06 14:19:00,10004,117
187,2025-02-06 15:05:00,2025-02-06 15:59:00,10004,116
188,2025-02-06 16:30:00,2025-02-06 17:10:00,10004,135
189,2025-02-06 17:55:00,2025-02-06 19:00:00,10004,122
190,2025-02-06 19:20:00,2025-02-06 19:59:00,10004,120
191,2025-02-06 09:25:00,2025-02-06 10:36:00,10004,125
192,2025-02-06 10:50:00,2025-02-06 11:54:00,10004,117
193,2025-02-06 12:15:00,2025-02-06 13:32:00,10004,113
194,2025-02-06 13:40:00,2025-02-06 13:57:00,10004,118
195,2025-02-06 15:05:00,2025-02-06 15:18:00,10004,136
196,2025-02-06 16:30:00,2025-02-06 17:32:00,10004,112
197,2025-02-06 17:55:00,2025-02-06 18:47:00,10004,117
198,2025-02-06 19:20:00,2025-02-06 19:43:00,10004,121
199,2025-02-06 09:30:00,2025-02-06 10:45:00,10003,112
200,2025-02-06 11:00:00,2025-02-06 11:24:00,10003,118
201,2025-02-06 12:30:00,2025-02-06 12:53:00,10003,126
202,2025-02-06 14:00:00,2025-02-06 15:02:00,10003,132
203,2025-02-06 15:30:00,2025-02-06 16:48:00,10003,113
204,2025-02-06 17:00:00,2025-02-06 17:17:00,10003,135
205,2025-02-06 18:30:00,2025-02-06 19:29:00,10003,136
206,2025-02-06 09:30:00,2025-02-06 10:42:00,10003,119
207,2025-02-06 11:00:00,2025-02-06 11:43:00,10003,118
208,2025-02-06 12:30:00,2025-02-06 12:46:00,10003,135
209,2025-02-06 14:00:00,2025-02-06 14:37:00,10003,123
210,2025-02-06 15:30:00,2025-02-06 16:21:00,10003,128
211,2025-02-06 17:00:00,2025-02-06 17:20:00,10003,115
212,2025-02-06 18:30:00,2025-02-06 19:44:00,10003,126
213,2025-02-06 09:39:00,2025-02-06 10:34:00,10001,116
214,2025-02-06 11:17:00,2025-02-06 12:29:00,10001,134
215,2025-02-06 12:56:00,2025-02-06 13:37:00,10001,126
216,2025-02-06 14:34:00,2025-02-06 14:47:00,10001,135
217,2025-02-06 16:13:00,2025-02-06 16:42:00,10001,125
218,2025-02-06 17:51:00,2025-02-06 18:25:00,10001,123
219,2025-02-06 09:39:00,2025-02-06 10:44:00,10001,128
220,2025-02-06 11:17:00,2025-02-06 12:02:00,10001,125
221,2025-02-06 12:56:00,2025-02-06 13:16:00,10001,122
222,2025-02-06 14:34:00,2025-02-06 15:48:00,10001,133
223,2025-02-06 16:13:00,2025-02-06 16:45:00,10001,114
224,2025-02-06 17:51:00,2025-02-06 18:16:00,10001,123
225,2025-02-07 09:34:00,2025-02-07 10:16:00,10011,118
226,2025-02-07 11:08:00,2025-02-07 12:00:00,10011,132
227,2025-02-07 12:41:00,2025-02-07 13:37:00,10011,127
228,2025-02-07 14:15:00,2025-02-07 15:32:00,10011,118
229,2025-02-07 15:49:00,2025-02-07 16:10:00,10011,130
230,2025-02-07 17:23:00,2025-02-07 17:45:00,10011,112
231,2025-02-07 18:56:00,2025-02-07 19:22:00,10011,115
232,2025-02-07 09:34:00,2025-02-07 10:47:00,10011,130
233,2025-02-07 11:08:00,2025-02-07 11:45:00,10011,119
234,2025-02-07 12:41:00,2025-02-07 13:48:00,10011,114
235,2025-02-07 14:15:00,2025-02-07 15:15:00,10011,124
236,2025-02-07 15:49:00,2025-02-07 16:28:00,10011,132
237,2025-02-07 17:23:00,2025-02-07 18:14:00,10011,129
238,2025-02-07 18:56:00,2025-02-07 19:30:00,10011,122
239,2025-02-07 09:58:00,2025-02-07 11:00:00,10004,113
240,2025-02-07 11:55:00,2025-02-07 12:34:00,10004,112
241,2025-02-07 13:53:00,2025-02-07 14:09:00,10004,131
242,2025-02-07 15:50:00,2025-02-07 16:04:00,10004,128
243,2025-02-07 17:48:00,2025-02-07 18:57:00,10004,124
244,2025-02-07 09:58:00,2025-02-07 10:33:00,10004,133
245,2025-02-07 11:55:00,2025-02-07 12:36:00,10004,117
246,2025-02-07 13:53:00,2025-02-07 14:20:00,10004,128
247,2025-02-07 15:50:00,2025-02-07 16:49:00,10004,119
248,2025-02-07 17:48:00,2025-02-07 18:05:00,10004,132
249,2025-02-07 09:18:00,2025-02-07 09:54:00,10003,119
250,2025-02-07 10:36:00,2025-02-07 11:46:00,10003,133
251,2025-02-07 11:54:00,2025-02-07 12:54:00,10003,120
252,2025-02-07 13:12:00,2025-02-07 13:38:00,10003,127
253,2025-02-07 14:30:00,2025-02-07 15:32:00,10003,128
254,2025-02-07 15:48:00,2025-02-07 16:31:00,10003,128
255,2025-02-07 17:06:00,2025-02-07 17:50:00,10003,120
256,2025-02-07 18:24:00,2025-02-07 19:03:00,10003,121
257,2025-02-07 19:42:00,2025-02-07 20:12:00,10003,131
258,2025-02-07 09:18:00,2025-02-07 09:46:00,10003,114
259,2025-02-07 10:36:00,2025-02-07 11:55:00,10003,131
260,2025-02-07 11:54:00,2025-02-07 12:19:00,10003,123
261,2025-02-07 13:12:00,2025-02-07 14:25:00,10003,122
262,2025-02-07 14:30:00,2025-02-07 15:14:00,10003,112
263,2025-02-07 15:48:00,2025-02-07 17:01:00,10003,127
264,2025-02-07 17:06:00,2025-02-07 17:38:00,10003,129
265,2025-02-07 18:24:00,2025-02-07 19:32:00,10003,123
266,2025-02-07 19:42:00,2025-02-07 20:28:00,10003,124
267,2025-02-07 09:22:00,2025-02-07 09:59:00,10001,117
268,2025-02-07 10:43:00,2025-02-07 11:41:00,10001,113
269,2025-02-07 12:05:00,2025-02-07 13:08:00,10001,133
270,2025-02-07 13:27:00,2025-02-07 14:14:00,10001,118
271,2025-02-07 14:48:00,2025-02-07 15:26:00,10001,133
272,2025-02-07 16:10:00,2025-02-07 16:51:00,10001,121
273,2025-02-07 17:32:00,2025-02-07 18:01:00,10001,122
274,2025-02-07 18:53:00,2025-02-07 19:28:00,10001,132
275,2025-02-07 09:22:00,2025-02-07 10:16:00,10001,112
276,2025-02-07 10:43:00,2025-02-07 11:01:00,10001,128
277,2025-02-07 12:05:00,2025-02-07 13:21:00,10001,116
278,2025-02-07 13:27:00,2025-02-07 13:39:00,10001,112
279,2025-02-07 14:48:00,2025-02-07 16:07:00,10001,136
280,2025-02-07 16:10:00,2025-02-07 16:22:00,10001,113
281,2025-02-07 17:32:00,2025-02-07 18:21:00,10001,134
282,2025-02-07 18:53:00,2025-02-07 20:06:00,10001,122
283,2025-02-10 09:20:00,2025-02-10 09:31:00,10011,121
284,2025-02-10 10:40:00,2025-02-10 11:01:00,10011,124
285,2025-02-10 12:00:00,2025-02-10 12:22:00,10011,132
286,2025-02-10 13:20:00,2025-02-10 14:34:00,10011,127
287,2025-02-10 14:40:00,2025-02-10 15:08:00,10011,114
288,2025-02-10 16:00:00,2025-02-10 17:14:00,10011,125
289,2025-02-10 17:20:00,2025-02-10 17:52:00,10011,124
290,2025-02-10 18:40:00,2025-02-10 19:43:00,10011,112
291,2025-02-10 09:20:00,2025-02-10 09:51:00,10011,118
292,2025-02-10 10:40:00,2025-02-10 10:52:00,10011,118
293,2025-02-10 12:00:00,2025-02-10 12:32:00,10011,114
294,2025-02-10 13:20:00,2025-02-10 14:19:00,10011,114
295,2025-02-10 14:40:00,2025-02-10 15:17:00,10011,131
296,2025-02-10 16:00:00,2025-02-10 16:55:00,10011,135
297,2025-02-10 17:20:00,2025-02-10 18:08:00,10011,116
298,2025-02-10 18:40:00,2025-02-10 19:40:00,10011,119
299,2025-02-10 09:39:00,2025-02-10 10:01:00,10004,114
300,2025-02-10 11:17:00,2025-02-10 11:57:00,10004,120
301,2025-02-10 12:56:00,2025-02-10 13:14:00,10004,133
302,2025-02-10 14:34:00,2025-02-10 14:52:00,10004,127
303,2025-02-10 16:13:00,2025-02-10 17:32:00,10004,120
304,2025-02-10 17:51:00,2025-02-10 18:23:00,10004,114
305,2025-02-10 09:39:00,2025-02-10 10:32:00,10004,136
306,2025-02-10 11:17:00,2025-02-10 11:52:00,10004,134
307,2025-02-10 12:56:00,2025-02-10 13:41:00,10004,135
308,2025-02-10 14:34:00,2025-02-10 15:39:00,10004,120
309,2025-02-10 16:13:00,2025-02-10 16:48:00,10004,114
310,2025-02-10 17:51:00,2025-02-10 18:51:00,10004,124
311,2025-02-10 09:36:00,2025-02-10 09:53:00,10003,129
312,2025-02-10 11:11:00,2025-02-10 11:45:00,10003,135
313,2025-02-10 12:47:00,2025-02-10 14:01:00,10003,128
314,2025-02-10 14:23:00,2025-02-10 14:48:00,10003,125
315,2025-02-10 15:58:00,2025-02-10 16:20:00,10003,114
316,2025-02-10 17:34:00,2025-02-10 18:09:00,10003,114
317,2025-02-10 19:09:00,2025-02-10 20:26:00,10003,118
318,2025-02-10 09:36:00,2025-02-10 10:06:00,10003,136
319,2025-02-10 11:11:00,2025-02-10 11:55:00,10003,132
320,2025-02-10 12:47:00,2025-02-10 13:21:00,10003,134
321,2025-02-10 14:23:00,2025-02-10 14:55:00,10003,127
322,2025-02-10 15:58:00,2025-02-10 16:24:00,10003,130
323,2025-02-10 17:34:00,2025-02-10 18:43:00,10003,135
324,2025-02-10 19:09:00,2025-02-10 19:42:00,10003,133
325,2025-02-10 09:53:00,2025-02-10 10:20:00,10001,116
326,2025-02-10 11:45:00,2025-02-10 12:57:00,10001,136
327,2025-02-10 13:38:00,2025-02-10 14:12:00,10001,125
328,2025-02-10 15:30:00,2025-02-10 16:26:00,10001,122
329,2025-02-10 17:23:00,2025-02-10 17:43:00,10001,121
330,2025-02-10 09:53:00,2025-02-10 11:06:00,10001,135
331,2025-02-10 11:45:00,2025-02-10 12:26:00,10001,129
332,2025-02-10 13:38:00,2025-02-10 13:58:00,10001,129
333,2025-02-10 15:30:00,2025-02-10 16:17:00,10001,136
334,2025-02-10 17:23:00,2025-02-10 18:38:00,10001,133
335,2025-02-11 09:18:00,2025-02-11 09:45:00,10011,120
336,2025-02-11 10:36:00,2025-02-11 11:43:00,10011,128
337,2025-02-11 11:54:00,2025-02-11 13:02:00,10011,119
338,2025-02-11 13:12:00,2025-02-11 14:01:00,10011,124
339,2025-02-11 14:30:00,2025-02-11 15:39:00,10011,131
340,2025-02-11 15:48:00,2025-02-11 16:58:00,10011,115
341,2025-02-11 17:06:00,2025-02-11 17:37:00,10011,116
342,2025-02-11 18:24:00,2025-02-11 18:57:00,10011,117
343,2025-02-11 19:42:00,2025-02-11 20:59:00,10011,124
344,2025-02-11 09:18:00,2025-02-11 09:59:00,10011,129
345,2025-02-11 10:36:00,2025-02-11 11:22:00,10011,131
346,2025-02-11 11:54:00,2025-02-11 12:06:00,10011,121
347,2025-02-11 13:12:00,2025-02-11 13:39:00,10011,122
348,2025-02-11 14:30:00,2025-02-11 15:25:00,10011,118
349,2025-02-11 15:48:00,2025-02-11 16:51:00,10011,112
350,2025-02-11 17:06:00,2025-02-11 17:43:00,10011,117
351,2025-02-11 18:24:00,2025-02-11 18:47:00,10011,114
352,2025-02-11 19:42:00,2025-02-11 20:43:00,10011,122
353,2025-02-11 09:34:00,2025-02-11 09:48:00,10004,135
354,2025-02-11 11:08:00,2025-02-11 11:23:00,10004,117
355,2025-02-11 12:41:00,2025-02-11 13:26:00,10004,124
356,2025-02-11 14:15:00,2025-02-11 14:30:00,10004,131
357,2025-02-11 15:49:00,2025-02-11 16:06:00,10004,115
358,2025-02-11 17:23:00,2025-02-11 18:06:00,10004,135
359,2025-02-11 18:56:00,2025-02-11 19:38:00,10004,113
360,2025-02-11 09:34:00,2025-02-11 10:46:00,10004,136
361,2025-02-11 11:08:00,2025-02-11 12:14:00,10004,127
362,2025-02-11 12:41:00,2025-02-11 12:51:00,10004,121
363,2025-02-11 14:15:00,2025-02-11 15:24:00,10004,126
364,2025-02-11 15:49:00,2025-02-11 16:08:00,10004,115
365,2025-02-11 17:23:00,2025-02-11 17:52:00,10004,126
366,2025-02-11 18:56:00,2025-02-11 19:59:00,10004,124
367,2025-02-11 09:41:00,2025-02-11 10:10:00,10003,128
368,2025-02-11 11:21:00,2025-02-11 12:21:00,10003,120
369,2025-02-11 13:02:00,2025-02-11 13:55:00,10003,131
370,2025-02-11 14:43:00,2025-02-11 15:11:00,10003,131
371,2025-02-11 16:24:00,2025-02-11 17:42:00,10003,116
372,2025-02-11 18:04:00,2025-02-11 18:59:00,10003,117
373,2025-02-11 09:41:00,2025-02-11 10:03:00,10003,126
374,2025-02-11 11:21:00,2025-02-11 12:21:00,10003,120
375,2025-02-11 13:02:00,2025-02-11 13:56:00,10003,132
376,2025-02-11 14:43:00,2025-02-11 14:54:00,10003,123
377,2025-02-11 16:24:00,2025-02-11 17:18:00,10003,135
378,2025-02-11 18:04:00,2025-02-11 18:39:00,10003,114
379,2025-02-11 09:20:00,2025-02-11 10:17:00,10001,133
380,2025-02-11 10:40:00,2025-02-11 10:51:00,10001,122
381,2025-02-11 12:00:00,2025-02-11 12:47:00,10001,112
382,2025-02-11 13:20:00,2025-02-11 14:34:00,10001,129
383,2025-02-11 14:40:00,2025-02-11 15:41:00,10001,112
384,2025-02-11 16:00:00,2025-02-11 16:33:00,10001,116
385,2025-02-11 17:20:00,2025-02-11 17:54:00,10001,119
386,2025-02-11 18:40:00,2025-02-11 18:58:00,10001,133
387,2025-02-11 09:20:00,2025-02-11 10:22:00,10001,114
388,2025-02-11 10:40:00,2025-02-11 10:56:00,10001,131
389,2025-02-11 12:00:00,2025-02-11 13:06:00,10001,130
390,2025-02-11 13:20:00,2025-02-11 13:57:00,10001,121
391,2025-02-11 14:40:00,2025-02-11 14:58:00,10001,126
392,2025-02-11 16:00:00,2025-02-11 16:23:00,10001,122
393,2025-02-11 17:20:00,2025-02-11 18:11:00,10001,122
394,2025-02-11 18:40:00,2025-02-11 18:58:00,10001,123
395,2025-02-12 09:53:00,2025-02-12 11:00:00,10011,121
396,2025-02-12 11:45:00,2025-02-12 12:13:00,10011,126
397,2025-02-12 13:38:00,2025-02-12 14:54:00,10011,116
398,2025-02-12 15:30:00,2025-02-12 16:44:00,10011,133
399,2025-02-12 17:23:00,2025-02-12 18:06:00,10011,122
400,2025-02-12 09:53:00,2025-02-12 10:28:00,10011,117
401,2025-02-12 11:45:00,2025-02-12 12:36:00,10011,124
402,2025-02-12 13:38:00,2025-02-12 13:58:00,10011,125
403,2025-02-12 15:30:00,2025-02-12 16:31:00,10011,127
404,2025-02-12 17:23:00,2025-02-12 17:44:00,10011,131
405,2025-02-12 09:25:00,2025-02-12 10:24:00,10004,134
406,2025-02-12 10:50:00,2025-02-12 11:03:00,10004,130
407,2025-02-12 12:15:00,2025-02-12 12:31:00,10004,134
408,2025-02-12 13:40:00,2025-02-12 14:33:00,10004,133
409,2025-02-12 15:05:00,2025-02-12 16:24:00,10004,131
410,2025-02-12 16:30:00,2025-02-12 17:28:00,10004,132
411,2025-02-12 17:55:00,2025-02-12 19:12:00,10004,127
412,2025-02-12 19:20:00,2025-02-12 20:36:00,10004,124
413,2025-02-12 09:25:00,2025-02-12 09:53:00,10004,131
414,2025-02-12 10:50:00,2025-02-12 11:02:00,10004,124
415,2025-02-12 12:15:00,2025-02-12 13:09:00,10004,123
416,2025-02-12 13:40:00,2025-02-12 14:07:00,10004,132
417,2025-02-12 15:05:00,2025-02-12 15:30:00,10004,112
418,2025-02-12 16:30:00,2025-02-12 17:11:00,10004,133
419,2025-02-12 17:55:00,2025-02-12 18:35:00,10004,136
420,2025-02-12 19:20:00,2025-02-12 19:54:00,10004,118
421,2025-02-12 09:30:00,2025-02-12 09:40:00,10003,127
422,2025-02-12 11:00:00,2025-02-12 11:32:00,10003,135
423,2025-02-12 12:30:00,2025-02-12 13:39:00,10003,134
424,2025-02-12 14:00:00,2025-02-12 14:31:00,10003,130
425,2025-02-12 15:30:00,2025-02-12 16:22:00,10003,118
426,2025-02-12 17:00:00,2025-02-12 17:44:00,10003,136
427,2025-02-12 18:30:00,2025-02-12 19:46:00,10003,129
428,2025-02-12 09:30:00,2025-02-12 09:41:00,10003,130
429,2025-02-12 11:00:00,2025-02-12 12:16:00,10003,113
430,2025-02-12 12:30:00,2025-02-12 13:44:00,10003,134
431,2025-02-12 14:00:00,2025-02-12 14:42:00,10003,126
432,2025-02-12 15:30:00,2025-02-12 16:15:00,10003,136
433,2025-02-12 17:00:00,2025-02-12 17:11:00,10003,131
434,2025-02-12 18:30:00,2025-02-12 19:26:00,10003,126
435,2025-02-12 09:39:00,2025-02-12 10:25:00,10001,119
436,2025-02-12 11:17:00,2025-02-12 12:10:00,10001,127
437,2025-02-12 12:56:00,2025-02-12 13:14:00,10001,119
438,2025-02-12 14:34:00,2025-02-12 15:20:00,10001,123
439,2025-02-12 16:13:00,2025-02-12 16:47:00,10001,116
440,2025-02-12 17:51:00,2025-02-12 18:56:00,10001,117
441,2025-02-12 09:39:00,2025-02-12 10:57:00,10001,127
442,2025-02-12 11:17:00,2025-02-12 12:04:00,10001,126
443,2025-02-12 12:56:00,2025-02-12 13:41:00,10001,115
444,2025-02-12 14:34:00,2025-02-12 15:16:00,10001,131
445,2025-02-12 16:13:00,2025-02-12 16:56:00,10001,125
446,2025-02-12 17:51:00,2025-02-12 19:09:00,10001,129
447,2025-02-13 09:34:00,2025-02-13 09:47:00,10011,112
448,2025-02-13 11:08:00,2025-02-13 11:28:00,10011,128
449,2025-02-13 12:41:00,2025-02-13 13:16:00,10011,122
450,2025-02-13 14:15:00,2025-02-13 14:54:00,10011,127
451,2025-02-13 15:49:00,2025-02-13 16:15:00,10011,126
452,2025-02-13 17:23:00,2025-02-13 18:34:00,10011,115
453,2025-02-13 18:56:00,2025-02-13 19:52:00,10011,130
454,2025-02-13 09:34:00,2025-02-13 09:48:00,10011,113
455,2025-02-13 11:08:00,2025-02-13 11:36:00,10011,119
456,2025-02-13 12:41:00,2025-02-13 13:12:00,10011,127
457,2025-02-13 14:15:00,2025-02-13 15:03:00,10011,112
458,2025-02-13 15:49:00,2025-02-13 16:02:00,10011,130
459,2025-02-13 17:23:00,2025-02-13 18:03:00,10011,118
460,2025-02-13 18:56:00,2025-02-13 19:46:00,10011,121
461,2025-02-13 09:58:00,2025-02-13 11:14:00,10004,135
462,2025-02-13 11:55:00,2025-02-13 12:38:00,10004,126
463,2025-02-13 13:53:00,2025-02-13 14:58:00,10004,114
464,2025-02-13 15:50:00,2025-02-13 16:22:00,10004,120
465,2025-02-13 17:48:00,2025-02-13 18:44:00,10004,130
466,2025-02-13 09:58:00,2025-02-13 11:06:00,10004,113
467,2025-02-13 11:55:00,2025-02-13 12:58:00,10004,116
468,2025-02-13 13:53:00,2025-02-13 15:03:00,10004,136
469,2025-02-13 15:50:00,2025-02-13 16:29:00,10004,114
470,2025-02-13 17:48:00,2025-02-13 18:28:00,10004,115
471,2025-02-13 09:18:00,2025-02-13 09:36:00,10003,126
472,2025-02-13 10:36:00,2025-02-13 11:50:00,10003,129
473,2025-02-13 11:54:00,2025-02-13 12:52:00,10003,112
474,2025-02-13 13:12:00,2025-02-13 13:22:00,10003,129
475,2025-02-13 14:30:00,2025-02-13 15:03:00,10003,131
476,2025-02-13 15:48:00,2025-02-13 16:23:00,10003,122
477,2025-02-13 17:06:00,2025-02-13 18:24:00,10003,122
478,2025-02-13 18:24:00,2025-02-13 18:41:00,10003,124
479,2025-02-13 19:42:00,2025-02-13 20:35:00,10003,118
480,2025-02-13 09:18:00,2025-02-13 09:52:00,10003,115
481,2025-02-13 10:36:00,2025-02-13 11:53:00,10003,131
482,2025-02-13 11:54:00,2025-02-13 12:54:00,10003,135
483,2025-02-13 13:12:00,2025-02-13 13:34:00,10003,135
484,2025-02-13 14:30:00,2025-02-13 15:02:00,10003,132
485,2025-02-13 15:48:00,2025-02-13 16:19:00,10003,112
486,2025-02-13 17:06:00,2025-02-13 18:01:00,10003,129
487,2025-02-13 18:24:00,2025-02-13 18:37:00,10003,115
488,2025-02-13 19:42:00,2025-02-13 20:33:00,10003,116
489,2025-02-13 09:22:00,2025-02-13 10:33:00,10001,127
490,2025-02-13 10:43:00,2025-02-13 11:07:00,10001,113
491,2025-02-13 12:05:00,2025-02-13 12:29:00,10001,121
492,2025-02-13 13:27:00,2025-02-13 14:15:00,10001,126
493,2025-02-13 14:48:00,2025-02-13 15:14:00,10001,129
494,2025-02-13 16:10:00,2025-02-13 17:23:00,10001,122
495,2025-02-13 17:32:00,2025-02-13 18:09:00,10001,134
496,2025-02-13 18:53:00,2025-02-13 19:36:00,10001,117
497,2025-02-13 09:22:00,2025-02-13 10:38:00,10001,129
498,2025-02-13 10:43:00,2025-02-13 11:31:00,10001,121
499,2025-02-13 12:05:00,2025-02-13 13:02:00,10001,129
500,2025-02-13 13:27:00,2025-02-13 14:30:00,10001,126
501,2025-02-13 14:48:00,2025-02-13 15:33:00,10001,131
502,2025-02-13 16:10:00,2025-02-13 16:59:00,10001,123
503,2025-02-13 17:32:00,2025-02-13 17:47:00,10001,125
504,2025-02-13 18:53:00,2025-02-13 19:42:00,10001,119
505,2025-02-14 09:20:00,2025-02-14 10:33:00,10011,125
506,2025-02-14 10:40:00,2025-02-14 11:51:00,10011,128
507,2025-02-14 12:00:00,2025-02-14 12:15:00,10011,131
508,2025-02-14 13:20:00,2025-02-14 13:57:00,10011,136
509,2025-02-14 14:40:00,2025-02-14 15:35:00,10011,130
510,2025-02-14 16:00:00,2025-02-14 16:53:00,10011,129
511,2025-02-14 17:20:00,2025-02-14 18:18:00,10011,113
512,2025-02-14 18:40:00,2025-02-14 18:53:00,10011,114
513,2025-02-14 09:20:00,2025-02-14 09:30:00,10011,126
514,2025-02-14 10:40:00,2025-02-14 11:31:00,10011,125
515,2025-02-14 12:00:00,2025-02-14 12:28:00,10011,112
516,2025-02-14 13:20:00,2025-02-14 13:45:00,10011,125
517,2025-02-14 14:40:00,2025-02-14 15:13:00,10011,114
518,2025-02-14 16:00:00,2025-02-14 16:14:00,10011,129
519,2025-02-14 17:20:00,2025-02-14 17:57:00,10011,112
520,2025-02-14 18:40:00,2025-02-14 19:35:00,10011,124
521,2025-02-14 09:39:00,2025-02-14 10:50:00,10004,114
522,2025-02-14 11:17:00,2025-02-14 11:48:00,10004,131
523,2025-02-14 12:56:00,2025-02-14 13:24:00,10004,129
524,2025-02-14 14:34:00,2025-02-14 15:20:00,10004,114
525,2025-02-14 16:13:00,2025-02-14 17:15:00,10004,132
526,2025-02-14 17:51:00,2025-02-14 18:26:00,10004,122
527,2025-02-14 09:39:00,2025-02-14 09:51:00,10004,112
528,2025-02-14 11:17:00,2025-02-14 11:36:00,10004,115
529,2025-02-14 12:56:00,2025-02-14 14:06:00,10004,116
530,2025-02-14 14:34:00,2025-02-14 15:06:00,10004,132
531,2025-02-14 16:13:00,2025-02-14 16:32:00,10004,116
532,2025-02-14 17:51:00,2025-02-14 18:36:00,10004,126
533,2025-02-14 09:36:00,2025-02-14 09:54:00,10003,113
534,2025-02-14 11:11:00,2025-02-14 11:40:00,10003,131
535,2025-02-14 12:47:00,2025-02-14 13:42:00,10003,127
536,2025-02-14 14:23:00,2025-02-14 15:19:00,10003,126
537,2025-02-14 15:58:00,2025-02-14 16:08:00,10003,134
538,2025-02-14 17:34:00,2025-02-14 18:53:00,10003,126
539,2025-02-14 19:09:00,2025-02-14 19:48:00,10003,136
540,2025-02-14 09:36:00,2025-02-14 10:26:00,10003,115
541,2025-02-14 11:11:00,2025-02-14 12:25:00,10003,120
542,2025-02-14 12:47:00,2025-02-14 14:01:00,10003,116
543,2025-02-14 14:23:00,2025-02-14 15:31:00,10003,130
544,2025-02-14 15:58:00,2025-02-14 16:48:00,10003,129
545,2025-02-14 17:34:00,2025-02-14 18:33:00,10003,116
546,2025-02-14 19:09:00,2025-02-14 19:19:00,10003,117
547,2025-02-14 09:53:00,2025-02-14 10:42:00,10001,128
548,2025-02-14 11:45:00,2025-02-14 12:14:00,10001,128
549,2025-02-14 13:38:00,2025-02-14 14:09:00,10001,129
550,2025-02-14 15:30:00,2025-02-14 16:01:00,10001,125
551,2025-02-14 17:23:00,2025-02-14 18:26:00,10001,130
552,2025-02-14 09:53:00,2025-02-14 10:52:00,10001,125
553,2025-02-14 11:45:00,2025-02-14 12:15:00,10001,133
554,2025-02-14 13:38:00,2025-02-14 14:16:00,10001,112
555,2025-02-14 15:30:00,2025-02-14 16:21:00,10001,132
556,2025-02-14 17:23:00,2025-02-14 18:15:00,10001,128
557,2025-02-17 09:18:00,2025-02-17 10:24:00,10011,130
558,2025-02-17 10:36:00,2025-02-17 11:37:00,10011,115
559,2025-02-17 11:54:00,2025-02-17 13:11:00,10011,131
560,2025-02-17 13:12:00,2025-02-17 13:55:00,10011,133
561,2025-02-17 14:30:00,2025-02-17 15:00:00,10011,115
562,2025-02-17 15:48:00,2025-02-17 17:03:00,10011,128
563,2025-02-17 17:06:00,2025-02-17 17:48:00,10011,118
564,2025-02-17 18:24:00,2025-02-17 19:07:00,10011,119
565,2025-02-17 19:42:00,2025-02-17 20:18:00,10011,136
566,2025-02-17 09:18:00,2025-02-17 10:20:00,10011,129
567,2025-02-17 10:36:00,2025-02-17 11:16:00,10011,126
568,2025-02-17 11:54:00,2025-02-17 13:01:00,10011,120
569,2025-02-17 13:12:00,2025-02-17 13:40:00,10011,120
570,2025-02-17 14:30:00,2025-02-17 14:57:00,10011,124
571,2025-02-17 15:48:00,2025-02-17 17:06:00,10011,125
572,2025-02-17 17:06:00,2025-02-17 17:20:00,10011,126
573,2025-02-17 18:24:00,2025-02-17 19:01:00,10011,120
574,2025-02-17 19:42:00,2025-02-17 20:33:00,10011,124
575,2025-02-17 09:34:00,2025-02-17 10:51:00,10004,134
576,2025-02-17 11:08:00,2025-02-17 12:19:00,10004,136
577,2025-02-17 12:41:00,2025-02-17 13:50:00,10004,113
578,2025-02-17 14:15:00,2025-02-17 14:53:00,10004,114
579,2025-02-17 15:49:00,2025-02-17 16:07:00,10004,115
580,2025-02-17 17:23:00,2025-02-17 17:35:00,10004,112
581,2025-02-17 18:56:00,2025-02-17 20:04:00,10004,124
582,2025-02-17 09:34:00,2025-02-17 10:40:00,10004,129
583,2025-02-17 11:08:00,2025-02-17 11:58:00,10004,125
584,2025-02-17 12:41:00,2025-02-17 13:39:00,10004,118
585,2025-02-17 14:15:00,2025-02-17 14:48:00,10004,115
586,2025-02-17 15:49:00,2025-02-17 16:12:00,10004,127
587,2025-02-17 17:23:00,2025-02-17 17:46:00,10004,135
588,2025-02-17 18:56:00,2025-02-17 19:13:00,10004,115
589,2025-02-17 09:41:00,2025-02-17 10:04:00,10003,121
590,2025-02-17 11:21:00,2025-02-17 12:24:00,10003,122
591,2025-02-17 13:02:00,2025-02-17 13:53:00,10003,120
592,2025-02-17 14:43:00,2025-02-17 15:01:00,10003,132
593,2025-02-17 16:24:00,2025-02-17 17:08:00,10003,132
594,2025-02-17 18:04:00,2025-02-17 18:55:00,10003,130
595,2025-02-17 09:41:00,2025-02-17 10:40:00,10003,113
596,2025-02-17 11:21:00,2025-02-17 12:02:00,10003,134
597,2025-02-17 13:02:00,2025-02-17 14:09:00,10003,118
598,2025-02-17 14:43:00,2025-02-17 15:19:00,10003,136
599,2025-02-17 16:24:00,2025-02-17 16:57:00,10003,129
600,2025-02-17 18:04:00,2025-02-17 18:30:00,10003,130
601,2025-02-17 09:20:00,2025-02-17 10:30:00,10001,117
602,2025-02-17 10:40:00,2025-02-17 11:09:00,10001,117
603,2025-02-17 12:00:00,2025-02-17 12:10:00,10001,128
604,2025-02-17 13:20:00,2025-02-17 13:46:00,10001,113
605,2025-02-17 14:40:00,2025-02-17 14:59:00,10001,114
606,2025-02-17 16:00:00,2025-02-17 17:01:00,10001,125
607,2025-02-17 17:20:00,2025-02-17 18:36:00,10001,115
608,2025-02-17 18:40:00,2025-02-17 19:44:00,10001,121
609,2025-02-17 09:20:00,2025-02-17 10:23:00,10001,130
610,2025-02-17 10:40:00,2025-02-17 11:45:00,10001,112
611,2025-02-17 12:00:00,2025-02-17 13:06:00,10001,118
612,2025-02-17 13:20:00,2025-02-17 13:48:00,10001,129
613,2025-02-17 14:40:00,2025-02-17 15:12:00,10001,134
614,2025-02-17 16:00:00,2025-02-17 17:15:00,10001,126
615,2025-02-17 17:20:00,2025-02-17 18:12:00,10001,132
616,2025-02-17 18:40:00,2025-02-17 19:56:00,10001,121
617,2025-02-18 09:53:00,2025-02-18 10:13:00,10011,118
618,2025-02-18 11:45:00,2025-02-18 12:32:00,10011,128
619,2025-02-18 13:38:00,2025-02-18 14:29:00,10011,132
620,2025-02-18 15:30:00,2025-02-18 15:52:00,10011,119
621,2025-02-18 17:23:00,2025-02-18 18:16:00,10011,116
622,2025-02-18 09:53:00,2025-02-18 10:22:00,10011,119
623,2025-02-18 11:45:00,2025-02-18 12:23:00,10011,129
624,2025-02-18 13:38:00,2025-02-18 14:11:00,10011,130
625,2025-02-18 15:30:00,2025-02-18 16:47:00,10011,128
626,2025-02-18 17:23:00,2025-02-18 18:07:00,10011,129
627,2025-02-18 09:25:00,2025-02-18 09:49:00,10004,119
628,2025-02-18 10:50:00,2025-02-18 11:36:00,10004,116
629,2025-02-18 12:15:00,2025-02-18 12:34:00,10004,115
630,2025-02-18 13:40:00,2025-02-18 14:29:00,10004,112
631,2025-02-18 15:05:00,2025-02-18 15:26:00,10004,136
632,2025-02-18 16:30:00,2025-02-18 16:48:00,10004,132
633,2025-02-18 17:55:00,2025-02-18 19:04:00,10004,130
634,2025-02-18 19:20:00,2025-02-18 19:54:00,10004,115
635,2025-02-18 09:25:00,2025-02-18 09:42:00,10004,135
636,2025-02-18 10:50:00,2025-02-18 11:55:00,10004,119
637,2025-02-18 12:15:00,2025-02-18 13:21:00,10004,130
638,2025-02-18 13:40:00,2025-02-18 14:08:00,10004,135
639,2025-02-18 15:05:00,2025-02-18 15:17:00,10004,136
640,2025-02-18 16:30:00,2025-02-18 17:16:00,10004,118
641,2025-02-18 17:55:00,2025-02-18 18:18:00,10004,125
642,2025-02-18 19:20:00,2025-02-18 19:33:00,10004,134
643,2025-02-18 09:30:00,2025-02-18 10:11:00,10003,126
644,2025-02-18 11:00:00,2025-02-18 11:32:00,10003,130
645,2025-02-18 12:30:00,2025-02-18 12:47:00,10003,118
646,2025-02-18 14:00:00,2025-02-18 14:51:00,10003,119
647,2025-02-18 15:30:00,2025-02-18 16:14:00,10003,124
648,2025-02-18 17:00:00,2025-02-18 17:28:00,10003,125
649,2025-02-18 18:30:00,2025-02-18 19:01:00,10003,130
650,2025-02-18 09:30:00,2025-02-18 10:45:00,10003,121
651,2025-02-18 11:00:00,2025-02-18 11:51:00,10003,132
652,2025-02-18 12:30:00,2025-02-18 12:53:00,10003,112
653,2025-02-18 14:00:00,2025-02-18 14:15:00,10003,119
654,2025-02-18 15:30:00,2025-02-18 16:12:00,10003,120
655,2025-02-18 17:00:00,2025-02-18 17:27:00,10003,121
656,2025-02-18 18:30:00,2025-02-18 19:27:00,10003,123
657,2025-02-18 09:39:00,2025-02-18 10:32:00,10001,120
658,2025-02-18 11:17:00,2025-02-18 12:21:00,10001,119
659,2025-02-18 12:56:00,2025-02-18 13:26:00,10001,126
660,2025-02-18 14:34:00,2025-02-18 15:39:00,10001,114
661,2025-02-18 16:13:00,2025-02-18 17:31:00,10001,134
662,2025-02-18 17:51:00,2025-02-18 18:33:00,10001,135
663,2025-02-18 09:39:00,2025-02-18 09:59:00,10001,130
664,2025-02-18 11:17:00,2025-02-18 11:42:00,10001,114
665,2025-02-18 12:56:00,2025-02-18 13:24:00,10001,127
666,2025-02-18 14:34:00,2025-02-18 15:12:00,10001,131
667,2025-02-18 16:13:00,2025-02-18 17:04:00,10001,129
668,2025-02-18 17:51:00,2025-02-18 18:53:00,10001,118
669,2025-02-19 09:34:00,2025-02-19 10:26:00,10011,119
670,2025-02-19 11:08:00,2025-02-19 11:45:00,10011,115
671,2025-02-19 12:41:00,2025-02-19 13:39:00,10011,127
672,2025-02-19 14:15:00,2025-02-19 15:20:00,10011,119
673,2025-02-19 15:49:00,2025-02-19 16:17:00,10011,122
674,2025-02-19 17:23:00,2025-02-19 18:18:00,10011,117
675,2025-02-19 18:56:00,2025-02-19 20:02:00,10011,135
676,2025-02-19 09:34:00,2025-02-19 10:11:00,10011,117
677,2025-02-19 11:08:00,2025-02-19 12:24:00,10011,120
678,2025-02-19 12:41:00,2025-02-19 13:34:00,10011,127
679,2025-02-19 14:15:00,2025-02-19 14:59:00,10011,136
680,2025-02-19 15:49:00,2025-02-19 16:19:00,10011,119
681,2025-02-19 17:23:00,2025-02-19 18:21:00,10011,128
682,2025-02-19 18:56:00,2025-02-19 20:14:00,10011,118
683,2025-02-19 09:58:00,2025-02-19 11:03:00,10004,134
684,2025-02-19 11:55:00,2025-02-19 12:30:00,10004,134
685,2025-02-19 13:53:00,2025-02-19 14:46:00,10004,133
686,2025-02-19 15:50:00,2025-02-19 16:21:00,10004,112
687,2025-02-19 17:48:00,2025-02-19 18:22:00,10004,113
688,2025-02-19 09:58:00,2025-02-19 11:01:00,10004,132
689,2025-02-19 11:55:00,2025-02-19 12:13:00,10004,123
690,2025-02-19 13:53:00,2025-02-19 14:09:00,10004,121
691,2025-02-19 15:50:00,2025-02-19 16:37:00,10004,129
692,2025-02-19 17:48:00,2025-02-19 18:01:00,10004,114
693,2025-02-19 09:18:00,2025-02-19 09:48:00,10003,129
694,2025-02-19 10:36:00,2025-02-19 11:13:00,10003,118
695,2025-02-19 11:54:00,2025-02-19 12:51:00,10003,132
696,2025-02-19 13:12:00,2025-02-19 13:25:00,10003,117
697,2025-02-19 14:30:00,2025-02-19 15:13:00,10003,128
698,2025-02-19 15:48:00,2025-02-19 16:37:00,10003,121
699,2025-02-19 17:06:00,2025-02-19 17:38:00,10003,123
700,2025-02-19 18:24:00,2025-02-19 19:42:00,10003,119
701,2025-02-19 19:42:00,2025-02-19 20:17:00,10003,124
702,2025-02-19 09:18:00,2025-02-19 09:46:00,10003,128
703,2025-02-19 10:36:00,2025-02-19 11:30:00,10003,132
704,2025-02-19 11:54:00,2025-02-19 12:31:00,10003,126
705,2025-02-19 13:12:00,2025-02-19 14:06:00,10003,112
706,2025-02-19 14:30:00,2025-02-19 15:40:00,10003,116
707,2025-02-19 15:48:00,2025-02-19 16:10:00,10003,117
708,2025-02-19 17:06:00,2025-02-19 18:09:00,10003,113
709,2025-02-19 18:24:00,2025-02-19 19:19:00,10003,134
710,2025-02-19 19:42:00,2025-02-19 20:47:00,10003,121
711,2025-02-19 09:22:00,2025-02-19 10:10:00,10001,112
712,2025-02-19 10:43:00,2025-02-19 11:17:00,10001,131
713,2025-02-19 12:05:00,2025-02-19 12:53:00,10001,122
714,2025-02-19 13:27:00,2025-02-19 13:55:00,10001,117
715,2025-02-19 14:48:00,2025-02-19 15:32:00,10001,120
716,2025-02-19 16:10:00,2025-02-19 16:42:00,10001,128
717,2025-02-19 17:32:00,2025-02-19 18:04:00,10001,116
718,2025-02-19 18:53:00,2025-02-19 19:37:00,10001,114
719,2025-02-19 09:22:00,2025-02-19 10:38:00,10001,135
720,2025-02-19 10:43:00,2025-02-19 11:52:00,10001,113
721,2025-02-19 12:05:00,2025-02-19 13:19:00,10001,117
722,2025-02-19 13:27:00,2025-02-19 13:43:00,10001,136
723,2025-02-19 14:48:00,2025-02-19 15:30:00,10001,117
724,2025-02-19 16:10:00,2025-02-19 16:43:00,10001,114
725,2025-02-19 17:32:00,2025-02-19 18:18:00,10001,116
726,2025-02-19 18:53:00,2025-02-19 19:39:00,10001,114
727,2025-02-20 09:20:00,2025-02-20 10:31:00,10011,122
728,2025-02-20 10:40:00,2025-02-20 10:52:00,10011,112
729,2025-02-20 12:00:00,2025-02-20 12:37:00,10011,128
730,2025-02-20 13:20:00,2025-02-20 14:00:00,10011,134
731,2025-02-20 14:40:00,2025-02-20 15:21:00,10011,121
732,2025-02-20 16:00:00,2025-02-20 16:44:00,10011,126
733,2025-02-20 17:20:00,2025-02-20 18:11:00,10011,124
734,2025-02-20 18:40:00,2025-02-20 19:58:00,10011,132
735,2025-02-20 09:20:00,2025-02-20 10:30:00,10011,136
736,2025-02-20 10:40:00,2025-02-20 11:55:00,10011,130
737,2025-02-20 12:00:00,2025-02-20 13:13:00,10011,116
738,2025-02-20 13:20:00,2025-02-20 13:45:00,10011,114
739,2025-02-20 14:40:00,2025-02-20 15:50:00,10011,118
740,2025-02-20 16:00:00,2025-02-20 16:16:00,10011,118
741,2025-02-20 17:20:00,2025-02-20 17:52:00,10011,133
742,2025-02-20 18:40:00,2025-02-20 19:11:00,10011,117
743,2025-02-20 09:39:00,2025-02-20 10:31:00,10004,115
744,2025-02-20 11:17:00,2025-02-20 11:37:00,10004,132
745,2025-02-20 12:56:00,2025-02-20 13:44:00,10004,123
746,2025-02-20 14:34:00,2025-02-20 14:53:00,10004,122
747,2025-02-20 16:13:00,2025-02-20 17:11:00,10004,130
748,2025-02-20 17:51:00,2025-02-20 19:05:00,10004,126
749,2025-02-20 09:39:00,2025-02-20 10:52:00,10004,132
750,2025-02-20 11:17:00,2025-02-20 11:39:00,10004,135
751,2025-02-20 12:56:00,2025-02-20 13:51:00,10004,123
752,2025-02-20 14:34:00,2025-02-20 15:08:00,10004,114
753,2025-02-20 16:13:00,2025-02-20 16:54:00,10004,112
754,2025-02-20 17:51:00,2025-02-20 18:14:00,10004,131
755,2025-02-20 09:36:00,2025-02-20 10:11:00,10003,117
756,2025-02-20 11:11:00,2025-02-20 12:09:00,10003,113
757,2025-02-20 12:47:00,2025-02-20 13:22:00,10003,125
758,2025-02-20 14:23:00,2025-02-20 14:34:00,10003,118
759,2025-02-20 15:58:00,2025-02-20 16:54:00,10003,123
760,2025-02-20 17:34:00,2025-02-20 18:27:00,10003,125
761,2025-02-20 19:09:00,2025-02-20 19:57:00,10003,125
762,2025-02-20 09:36:00,2025-02-20 10:36:00,10003,136
763,2025-02-20 11:11:00,2025-02-20 12:05:00,10003,117
764,2025-02-20 12:47:00,2025-02-20 13:21:00,10003,127
765,2025-02-20 14:23:00,2025-02-20 14:57:00,10003,127
766,2025-02-20 15:58:00,2025-02-20 16:37:00,10003,112
767,2025-02-20 17:34:00,2025-02-20 17:55:00,10003,117
768,2025-02-20 19:09:00,2025-02-20 19:31:00,10003,121
769,2025-02-20 09:53:00,2025-02-20 10:40:00,10001,134
770,2025-02-20 11:45:00,2025-02-20 12:29:00,10001,125
771,2025-02-20 13:38:00,2025-02-20 14:06:00,10001,135
772,2025-02-20 15:30:00,2025-02-20 16:04:00,10001,120
773,2025-02-20 17:23:00,2025-02-20 18:29:00,10001,124
774,2025-02-20 09:53:00,2025-02-20 10:42:00,10001,130
775,2025-02-20 11:45:00,2025-02-20 12:12:00,10001,133
776,2025-02-20 13:38:00,2025-02-20 14:57:00,10001,132
777,2025-02-20 15:30:00,2025-02-20 15:42:00,10001,122
778,2025-02-20 17:23:00,2025-02-20 18:33:00,10001,112
779,2025-02-21 09:18:00,2025-02-21 09:57:00,10011,128
780,2025-02-21 10:36:00,2025-02-21 11:19:00,10011,125
781,2025-02-21 11:54:00,2025-02-21 12:56:00,10011,135
782,2025-02-21 13:12:00,2025-02-21 14:29:00,10011,124
783,2025-02-21 14:30:00,2025-02-21 15:34:00,10011,120
784,2025-02-21 15:48:00,2025-02-21 16:58:00,10011,134
785,2025-02-21 17:06:00,2025-02-21 17:43:00,10011,118
786,2025-02-21 18:24:00,2025-02-21 19:28:00,10011,120
787,2025-02-21 19:42:00,2025-02-21 20:26:00,10011,112
788,2025-02-21 09:18:00,2025-02-21 10:06:00,10011,117
789,2025-02-21 10:36:00,2025-02-21 11:44:00,10011,129
790,2025-02-21 11:54:00,2025-02-21 13:12:00,10011,119
791,2025-02-21 13:12:00,2025-02-21 13:46:00,10011,126
792,2025-02-21 14:30:00,2025-02-21 15:38:00,10011,126
793,2025-02-21 15:48:00,2025-02-21 16:14:00,10011,128
794,2025-02-21 17:06:00,2025-02-21 17:52:00,10011,117
795,2025-02-21 18:24:00,2025-02-21 19:30:00,10011,136
796,2025-02-21 19:42:00,2025-02-21 20:13:00,10011,113
797,2025-02-21 09:34:00,2025-02-21 10:23:00,10004,129
798,2025-02-21 11:08:00,2025-02-21 12:02:00,10004,120
799,2025-02-21 12:41:00,2025-02-21 13:20:00,10004,114
800,2025-02-21 14:15:00,2025-02-21 14:33:00,10004,119
801,2025-02-21 15:49:00,2025-02-21 16:27:00,10004,117
802,2025-02-21 17:23:00,2025-02-21 17:38:00,10004,118
803,2025-02-21 18:56:00,2025-02-21 19:41:00,10004,135
804,2025-02-21 09:34:00,2025-02-21 09:49:00,10004,121
805,2025-02-21 11:08:00,2025-02-21 11:47:00,10004,135
806,2025-02-21 12:41:00,2025-02-21 13:52:00,10004,112
807,2025-02-21 14:15:00,2025-02-21 14:44:00,10004,123
808,2025-02-21 15:49:00,2025-02-21 16:37:00,10004,123
809,2025-02-21 17:23:00,2025-02-21 17:41:00,10004,124
810,2025-02-21 18:56:00,2025-02-21 19:26:00,10004,125
811,2025-02-21 09:41:00,2025-02-21 10:59:00,10003,121
812,2025-02-21 11:21:00,2025-02-21 12:38:00,10003,135
813,2025-02-21 13:02:00,2025-02-21 13:38:00,10003,117
814,2025-02-21 14:43:00,2025-02-21 15:27:00,10003,118
815,2025-02-21 16:24:00,2025-02-21 17:30:00,10003,127
816,2025-02-21 18:04:00,2025-02-21 18:30:00,10003,124
817,2025-02-21 09:41:00,2025-02-21 10:32:00,10003,124
818,2025-02-21 11:21:00,2025-02-21 12:01:00,10003,118
819,2025-02-21 13:02:00,2025-02-21 13:21:00,10003,121
820,2025-02-21 14:43:00,2025-02-21 15:07:00,10003,113
821,2025-02-21 16:24:00,2025-02-21 17:30:00,10003,120
822,2025-02-21 18:04:00,2025-02-21 19:18:00,10003,132
823,2025-02-21 09:20:00,2025-02-21 10:18:00,10001,135
824,2025-02-21 10:40:00,2025-02-21 11:35:00,10001,136
825,2025-02-21 12:00:00,2025-02-21 13:13:00,10001,113
826,2025-02-21 13:20:00,2025-02-21 14:36:00,10001,128
827,2025-02-21 14:40:00,2025-02-21 15:52:00,10001,130
828,2025-02-21 16:00:00,2025-02-21 16:25:00,10001,130
829,2025-02-21 17:20:00,2025-02-21 17:36:00,10001,122
830,2025-02-21 18:40:00,2025-02-21 19:50:00,10001,117
831,2025-02-21 09:20:00,2025-02-21 09:31:00,10001,132
832,2025-02-21 10:40:00,2025-02-21 11:55:00,10001,116
833,2025-02-21 12:00:00,2025-02-21 12:47:00,10001,119
834,2025-02-21 13:20:00,2025-02-21 14:21:00,10001,124
835,2025-02-21 14:40:00,2025-02-21 15:21:00,10001,115
836,2025-02-21 16:00:00,2025-02-21 17:17:00,10001,135
837,2025-02-21 17:20:00,2025-02-21 17:52:00,10001,113
838,2025-02-21 18:40:00,2025-02-21 19:41:00,10001,123
839,2025-02-24 09:53:00,2025-02-24 10:21:00,10011,118
840,2025-02-24 11:45:00,2025-02-24 13:04:00,10011,119
841,2025-02-24 13:38:00,2025-02-24 14:41:00,10011,135
842,2025-02-24 15:30:00,2025-02-24 16:26:00,10011,133
843,2025-02-24 17:23:00,2025-02-24 17:41:00,10011,121
844,2025-02-24 09:53:00,2025-02-24 10:47:00,10011,114
845,2025-02-24 11:45:00,2025-02-24 12:14:00,10011,124
846,2025-02-24 13:38:00,2025-02-24 14:35:00,10011,122
847,2025-02-24 15:30:00,2025-02-24 15:41:00,10011,132
848,2025-02-24 17:23:00,2025-02-24 18:16:00,10011,125
849,2025-02-24 09:25:00,2025-02-24 09:48:00,10004,116
850,2025-02-24 10:50:00,2025-02-24 11:40:00,10004,122
851,2025-02-24 12:15:00,2025-02-24 12:59:00,10004,132
852,2025-02-24 13:40:00,2025-02-24 14:23:00,10004,132
853,2025-02-24 15:05:00,2025-02-24 15:50:00,10004,124
854,2025-02-24 16:30:00,2025-02-24 17:28:00,10004,117
855,2025-02-24 17:55:00,2025-02-24 19:12:00,10004,130
856,2025-02-24 19:20:00,2025-02-24 20:21:00,10004,127
857,2025-02-24 09:25:00,2025-02-24 09:37:00,10004,120
858,2025-02-24 10:50:00,2025-02-24 11:53:00,10004,117
859,2025-02-24 12:15:00,2025-02-24 12:36:00,10004,128
860,2025-02-24 13:40:00,2025-02-24 14:43:00,10004,118
861,2025-02-24 15:05:00,2025-02-24 15:41:00,10004,128
862,2025-02-24 16:30:00,2025-02-24 17:47:00,10004,128
863,2025-02-24 17:55:00,2025-02-24 19:05:00,10004,126
864,2025-02-24 19:20:00,2025-02-24 19:43:00,10004,114
865,2025-02-24 09:30:00,2025-02-24 10:17:00,10003,124
866,2025-02-24 11:00:00,2025-02-24 11:19:00,10003,122
867,2025-02-24 12:30:00,2025-02-24 12:50:00,10003,122
868,2025-02-24 14:00:00,2025-02-24 14:38:00,10003,113
869,2025-02-24 15:30:00,2025-02-24 16:05:00,10003,113
870,2025-02-24 17:00:00,2025-02-24 18:01:00,10003,133
871,2025-02-24 18:30:00,2025-02-24 18:40:00,10003,136
872,2025-02-24 09:30:00,2025-02-24 09:49:00,10003,119
873,2025-02-24 11:00:00,2025-02-24 12:11:00,10003,125
874,2025-02-24 12:30:00,2025-02-24 13:10:00,10003,125
875,2025-02-24 14:00:00,2025-02-24 15:07:00,10003,114
876,2025-02-24 15:30:00,2025-02-24 16:29:00,10003,117
877,2025-02-24 17:00:00,2025-02-24 18:16:00,10003,127
878,2025-02-24 18:30:00,2025-02-24 19:22:00,10003,126
879,2025-02-24 09:39:00,2025-02-24 10:52:00,10001,125
880,2025-02-24 11:17:00,2025-02-24 11:50:00,10001,120
881,2025-02-24 12:56:00,2025-02-24 13:13:00,10001,118
882,2025-02-24 14:34:00,2025-02-24 14:47:00,10001,121
883,2025-02-24 16:13:00,2025-02-24 17:01:00,10001,136
884,2025-02-24 17:51:00,2025-02-24 18:46:00,10001,116
885,2025-02-24 09:39:00,2025-02-24 09:55:00,10001,119
886,2025-02-24 11:17:00,2025-02-24 11:44:00,10001,120
887,2025-02-24 12:56:00,2025-02-24 13:31:00,10001,125
888,2025-02-24 14:34:00,2025-02-24 15:35:00,10001,132
889,2025-02-24 16:13:00,2025-02-24 16:48:00,10001,123
890,2025-02-24 17:51:00,2025-02-24 18:25:00,10001,112
891,2025-02-25 09:34:00,2025-02-25 10:52:00,10011,113
892,2025-02-25 11:08:00,2025-02-25 11:47:00,10011,120
893,2025-02-25 12:41:00,2025-02-25 13:56:00,10011,136
894,2025-02-25 14:15:00,2025-02-25 14:50:00,10011,124
895,2025-02-25 15:49:00,2025-02-25 16:18:00,10011,115
896,2025-02-25 17:23:00,2025-02-25 18:42:00,10011,124
897,2025-02-25 18:56:00,2025-02-25 19:10:00,10011,134
898,2025-02-25 09:34:00,2025-02-25 09:57:00,10011,128
899,2025-02-25 11:08:00,2025-02-25 11:44:00,10011,134
900,2025-02-25 12:41:00,2025-02-25 13:13:00,10011,117
901,2025-02-25 14:15:00,2025-02-25 14:26:00,10011,135
902,2025-02-25 15:49:00,2025-02-25 16:56:00,10011,127
903,2025-02-25 17:23:00,2025-02-25 18:27:00,10011,135
904,2025-02-25 18:56:00,2025-02-25 19:34:00,10011,118
905,2025-02-25 09:58:00,2025-02-25 10:29:00,10004,117
906,2025-02-25 11:55:00,2025-02-25 13:11:00,10004,119
907,2025-02-25 13:53:00,2025-02-25 14:05:00,10004,118
908,2025-02-25 15:50:00,2025-02-25 17:03:00,10004,112
909,2025-02-25 17:48:00,2025-02-25 18:29:00,10004,117
910,2025-02-25 09:58:00,2025-02-25 10:49:00,10004,120
911,2025-02-25 11:55:00,2025-02-25 13:06:00,10004,121
912,2025-02-25 13:53:00,2025-02-25 14:40:00,10004,133
913,2025-02-25 15:50:00,2025-02-25 16:38:00,10004,125
914,2025-02-25 17:48:00,2025-02-25 18:16:00,10004,131
915,2025-02-25 09:18:00,2025-02-25 09:40:00,10003,114
916,2025-02-25 10:36:00,2025-02-25 11:15:00,10003,135
917,2025-02-25 11:54:00,2025-02-25 12:38:00,10003,122
918,2025-02-25 13:12:00,2025-02-25 14:10:00,10003,135
919,2025-02-25 14:30:00,2025-02-25 14:40:00,10003,116
920,2025-02-25 15:48:00,2025-02-25 16:26:00,10003,132
921,2025-02-25 17:06:00,2025-02-25 18:23:00,10003,122
922,2025-02-25 18:24:00,2025-02-25 19:13:00,10003,133
923,2025-02-25 19:42:00,2025-02-25 20:15:00,10003,112
924,2025-02-25 09:18:00,2025-02-25 10:05:00,10003,134
925,2025-02-25 10:36:00,2025-02-25 11:07:00,10003,125
926,2025-02-25 11:54:00,2025-02-25 12:53:00,10003,119
927,2025-02-25 13:12:00,2025-02-25 13:40:00,10003,118
928,2025-02-25 14:30:00,2025-02-25 15:46:00,10003,113
929,2025-02-25 15:48:00,2025-02-25 16:53:00,10003,116
930,2025-02-25 17:06:00,2025-02-25 17:54:00,10003,136
931,2025-02-25 18:24:00,2025-02-25 19:12:00,10003,120
932,2025-02-25 19:42:00,2025-02-25 20:24:00,10003,114
933,2025-02-25 09:22:00,2025-02-25 09:41:00,10001,132
934,2025-02-25 10:43:00,2025-02-25 11:12:00,10001,123
935,2025-02-25 12:05:00,2025-02-25 12:31:00,10001,127
936,2025-02-25 13:27:00,2025-02-25 14:22:00,10001,117
937,2025-02-25 14:48:00,2025-02-25 15:35:00,10001,123
938,2025-02-25 16:10:00,2025-02-25 16:21:00,10001,113
939,2025-02-25 17:32:00,2025-02-25 18:22:00,10001,122
940,2025-02-25 18:53:00,2025-02-25 19:28:00,10001,121
941,2025-02-25 09:22:00,2025-02-25 10:09:00,10001,115
942,2025-02-25 10:43:00,2025-02-25 11:53:00,10001,123
943,2025-02-25 12:05:00,2025-02-25 12:22:00,10001,116
944,2025-02-25 13:27:00,2025-02-25 14:07:00,10001,125
945,2025-02-25 14:48:00,2025-02-25 15:57:00,10001,130
946,2025-02-25 16:10:00,2025-02-25 16:44:00,10001,114
947,2025-02-25 17:32:00,2025-02-25 18:45:00,10001,136
948,2025-02-25 18:53:00,2025-02-25 19:34:00,10001,122
949,2025-02-26 09:20:00,2025-02-26 09:31:00,10011,136
950,2025-02-26 10:40:00,2025-02-26 11:30:00,10011,116
951,2025-02-26 12:00:00,2025-02-26 13:08:00,10011,133
952,2025-02-26 13:20:00,2025-02-26 14:01:00,10011,136
953,2025-02-26 14:40:00,2025-02-26 15:35:00,10011,131
954,2025-02-26 16:00:00,2025-02-26 16:50:00,10011,129
955,2025-02-26 17:20:00,2025-02-26 18:26:00,10011,135
956,2025-02-26 18:40:00,2025-02-26 19:32:00,10011,115
957,2025-02-26 09:20:00,2025-02-26 10:17:00,10011,115
958,2025-02-26 10:40:00,2025-02-26 11:00:00,10011,118
959,2025-02-26 12:00:00,2025-02-26 12:24:00,10011,113
960,2025-02-26 13:20:00,2025-02-26 14:08:00,10011,117
961,2025-02-26 14:40:00,2025-02-26 14:58:00,10011,126
962,2025-02-26 16:00:00,2025-02-26 16:59:00,10011,119
963,2025-02-26 17:20:00,2025-02-26 17:41:00,10011,132
964,2025-02-26 18:40:00,2025-02-26 19:04:00,10011,129
965,2025-02-26 09:39:00,2025-02-26 10:41:00,10004,121
966,2025-02-26 11:17:00,2025-02-26 11:51:00,10004,136
967,2025-02-26 12:56:00,2025-02-26 14:09:00,10004,120
968,2025-02-26 14:34:00,2025-02-26 15:28:00,10004,121
969,2025-02-26 16:13:00,2025-02-26 16:57:00,10004,126
970,2025-02-26 17:51:00,2025-02-26 18:26:00,10004,134
971,2025-02-26 09:39:00,2025-02-26 10:56:00,10004,120
972,2025-02-26 11:17:00,2025-02-26 11:44:00,10004,122
973,2025-02-26 12:56:00,2025-02-26 13:40:00,10004,125
974,2025-02-26 14:34:00,2025-02-26 15:34:00,10004,128
975,2025-02-26 16:13:00,2025-02-26 16:50:00,10004,122
976,2025-02-26 17:51:00,2025-02-26 18:42:00,10004,132
977,2025-02-26 09:36:00,2025-02-26 10:55:00,10003,115
978,2025-02-26 11:11:00,2025-02-26 12:08:00,10003,121
979,2025-02-26 12:47:00,2025-02-26 13:25:00,10003,114
980,2025-02-26 14:23:00,2025-02-26 14:38:00,10003,126
981,2025-02-26 15:58:00,2025-02-26 17:07:00,10003,130
982,2025-02-26 17:34:00,2025-02-26 18:14:00,10003,121
983,2025-02-26 19:09:00,2025-02-26 19:46:00,10003,118
984,2025-02-26 09:36:00,2025-02-26 10:04:00,10003,113
985,2025-02-26 11:11:00,2025-02-26 11:29:00,10003,119
986,2025-02-26 12:47:00,2025-02-26 14:01:00,10003,119
987,2025-02-26 14:23:00,2025-02-26 15:03:00,10003,123
988,2025-02-26 15:58:00,2025-02-26 16:43:00,10003,123
989,2025-02-26 17:34:00,2025-02-26 17:57:00,10003,113
990,2025-02-26 19:09:00,2025-02-26 19:20:00,10003,122
991,2025-02-26 09:53:00,2025-02-26 10:37:00,10001,119
992,2025-02-26 11:45:00,2025-02-26 13:04:00,10001,116
993,2025-02-26 13:38:00,2025-02-26 14:40:00,10001,114
994,2025-02-26 15:30:00,2025-02-26 16:19:00,10001,133
995,2025-02-26 17:23:00,2025-02-26 18:27:00,10001,133
996,2025-02-26 09:53:00,2025-02-26 10:17:00,10001,135
997,2025-02-26 11:45:00,2025-02-26 13:03:00,10001,115
998,2025-02-26 13:38:00,2025-02-26 14:01:00,10001,125
999,2025-02-26 15:30:00,2025-02-26 15:42:00,10001,115
1000,2025-02-26 17:23:00,2025-02-26 17:53:00,10001,123
1001,2025-02-27 09:18:00,2025-02-27 09:39:00,10011,116
1002,2025-02-27 10:36:00,2025-02-27 11:11:00,10011,114
1003,2025-02-27 11:54:00,2025-02-27 12:40:00,10011,120
1004,2025-02-27 13:12:00,2025-02-27 13:22:00,10011,128
1005,2025-02-27 14:30:00,2025-02-27 15:11:00,10011,124
1006,2025-02-27 15:48:00,2025-02-27 16:55:00,10011,124
1007,2025-02-27 17:06:00,2025-02-27 18:13:00,10011,117
1008,2025-02-27 18:24:00,2025-02-27 19:37:00,10011,112
1009,2025-02-27 19:42:00,2025-02-27 20:54:00,10011,114
1010,2025-02-27 09:18:00,2025-02-27 10:08:00,10011,129
1011,2025-02-27 10:36:00,2025-02-27 11:27:00,10011,125
1012,2025-02-27 11:54:00,2025-02-27 12:52:00,10011,130
1013,2025-02-27 13:12:00,2025-02-27 13:44:00,10011,124
1014,2025-02-27 14:30:00,2025-02-27 15:09:00,10011,133
1015,2025-02-27 15:48:00,2025-02-27 16:13:00,10011,120
1016,2025-02-27 17:06:00,2025-02-27 17:24:00,10011,121
1017,2025-02-27 18:24:00,2025-02-27 19:42:00,10011,116
1018,2025-02-27 19:42:00,2025-02-27 20:24:00,10011,135
1019,2025-02-27 09:34:00,2025-02-27 10:04:00,10004,121
1020,2025-02-27 11:08:00,2025-02-27 11:20:00,10004,118
1021,2025-02-27 12:41:00,2025-02-27 13:55:00,10004,134
1022,2025-02-27 14:15:00,2025-02-27 14:32:00,10004,126
1023,2025-02-27 15:49:00,2025-02-27 16:53:00,10004,133
1024,2025-02-27 17:23:00,2025-02-27 18:15:00,10004,125
1025,2025-02-27 18:56:00,2025-02-27 20:09:00,10004,126
1026,2025-02-27 09:34:00,2025-02-27 09:53:00,10004,130
1027,2025-02-27 11:08:00,2025-02-27 11:38:00,10004,121
1028,2025-02-27 12:41:00,2025-02-27 13:14:00,10004,128
1029,2025-02-27 14:15:00,2025-02-27 15:28:00,10004,121
1030,2025-02-27 15:49:00,2025-02-27 17:05:00,10004,119
1031,2025-02-27 17:23:00,2025-02-27 18:32:00,10004,126
1032,2025-02-27 18:56:00,2025-02-27 19:33:00,10004,127
1033,2025-02-27 09:41:00,2025-02-27 09:56:00,10003,130
1034,2025-02-27 11:21:00,2025-02-27 12:13:00,10003,129
1035,2025-02-27 13:02:00,2025-02-27 13:50:00,10003,132
1036,2025-02-27 14:43:00,2025-02-27 15:32:00,10003,115
1037,2025-02-27 16:24:00,2025-02-27 17:36:00,10003,114
1038,2025-02-27 18:04:00,2025-02-27 18:37:00,10003,114
1039,2025-02-27 09:41:00,2025-02-27 10:08:00,10003,115
1040,2025-02-27 11:21:00,2025-02-27 12:03:00,10003,133
1041,2025-02-27 13:02:00,2025-02-27 13:25:00,10003,131
1042,2025-02-27 14:43:00,2025-02-27 14:55:00,10003,125
1043,2025-02-27 16:24:00,2025-02-27 17:11:00,10003,121
1044,2025-02-27 18:04:00,2025-02-27 18:50:00,10003,129
1045,2025-02-27 09:20:00,2025-02-27 10:22:00,10001,124
1046,2025-02-27 10:40:00,2025-02-27 10:56:00,10001,118
1047,2025-02-27 12:00:00,2025-02-27 13:06:00,10001,117
1048,2025-02-27 13:20:00,2025-02-27 13:37:00,10001,120
1049,2025-02-27 14:40:00,2025-02-27 15:58:00,10001,113
1050,2025-02-27 16:00:00,2025-02-27 16:24:00,10001,132
1051,2025-02-27 17:20:00,2025-02-27 17:50:00,10001,134
1052,2025-02-27 18:40:00,2025-02-27 19:49:00,10001,129
1053,2025-02-27 09:20:00,2025-02-27 10:29:00,10001,130
1054,2025-02-27 10:40:00,2025-02-27 11:52:00,10001,131
1055,2025-02-27 12:00:00,2025-02-27 13:07:00,10001,133
1056,2025-02-27 13:20:00,2025-02-27 14:33:00,10001,122
1057,2025-02-27 14:40:00,2025-02-27 15:11:00,10001,136
1058,2025-02-27 16:00:00,2025-02-27 16:33:00,10001,125
1059,2025-02-27 17:20:00,2025-02-27 18:34:00,10001,136
1060,2025-02-27 18:40:00,2025-02-27 19:36:00,10001,133
1061,2025-02-28 09:53:00,2025-02-28 10:12:00,10011,125
1062,2025-02-28 11:45:00,2025-02-28 12:23:00,10011,121
1063,2025-02-28 13:38:00,2025-02-28 14:25:00,10011,119
1064,2025-02-28 15:30:00,2025-02-28 16:00:00,10011,121
1065,2025-02-28 17:23:00,2025-02-28 18:41:00,10011,136
1066,2025-02-28 09:53:00,2025-02-28 10:18:00,10011,128
1067,2025-02-28 11:45:00,2025-02-28 12:53:00,10011,132
1068,2025-02-28 13:38:00,2025-02-28 14:03:00,10011,115
1069,2025-02-28 15:30:00,2025-02-28 16:46:00,10011,123
1070,2025-02-28 17:23:00,2025-02-28 18:16:00,10011,124
1071,2025-02-28 09:25:00,2025-02-28 10:23:00,10004,114
1072,2025-02-28 10:50:00,2025-02-28 11:33:00,10004,125
1073,2025-02-28 12:15:00,2025-02-28 13:07:00,10004,122
1074,2025-02-28 13:40:00,2025-02-28 14:39:00,10004,116
1075,2025-02-28 15:05:00,2025-02-28 16:23:00,10004,127
1076,2025-02-28 16:30:00,2025-02-28 17:37:00,10004,120
1077,2025-02-28 17:55:00,2025-02-28 18:16:00,10004,125
1078,2025-02-28 19:20:00,2025-02-28 20:31:00,10004,122
1079,2025-02-28 09:25:00,2025-02-28 10:14:00,10004,135
1080,2025-02-28 10:50:00,2025-02-28 11:35:00,10004,127
1081,2025-02-28 12:15:00,2025-02-28 12:32:00,10004,126
1082,2025-02-28 13:40:00,2025-02-28 14:04:00,10004,130
1083,2025-02-28 15:05:00,2025-02-28 15:57:00,10004,125
1084,2025-02-28 16:30:00,2025-02-28 16:42:00,10004,119
1085,2025-02-28 17:55:00,2025-02-28 18:17:00,10004,133
1086,2025-02-28 19:20:00,2025-02-28 20:10:00,10004,117
1087,2025-02-28 09:30:00,2025-02-28 10:29:00,10003,134
1088,2025-02-28 11:00:00,2025-02-28 11:41:00,10003,126
1089,2025-02-28 12:30:00,2025-02-28 12:41:00,10003,132
1090,2025-02-28 14:00:00,2025-02-28 15:03:00,10003,114
1091,2025-02-28 15:30:00,2025-02-28 16:10:00,10003,114
1092,2025-02-28 17:00:00,2025-02-28 17:25:00,10003,132
1093,2025-02-28 18:30:00,2025-02-28 19:44:00,10003,128
1094,2025-02-28 09:30:00,2025-02-28 10:15:00,10003,113
1095,2025-02-28 11:00:00,2025-02-28 11:33:00,10003,120
1096,2025-02-28 12:30:00,2025-02-28 13:48:00,10003,118
1097,2025-02-28 14:00:00,2025-02-28 14:58:00,10003,132
1098,2025-02-28 15:30:00,2025-02-28 15:57:00,10003,122
1099,2025-02-28 17:00:00,2025-02-28 17:31:00,10003,135
1100,2025-02-28 18:30:00,2025-02-28 18:47:00,10003,131
1101,2025-02-28 09:39:00,2025-02-28 10:01:00,10001,128
1102,2025-02-28 11:17:00,2025-02-28 12:09:00,10001,122
1103,2025-02-28 12:56:00,2025-02-28 13:59:00,10001,131
1104,2025-02-28 14:34:00,2025-02-28 14:52:00,10001,125
1105,2025-02-28 16:13:00,2025-02-28 17:02:00,10001,129
1106,2025-02-28 17:51:00,2025-02-28 18:05:00,10001,133
1107,2025-02-28 09:39:00,2025-02-28 10:32:00,10001,125
1108,2025-02-28 11:17:00,2025-02-28 12:19:00,10001,134
1109,2025-02-28 12:56:00,2025-02-28 13:17:00,10001,121
1110,2025-02-28 14:34:00,2025-02-28 15:24:00,10001,120
1111,2025-02-28 16:13:00,2025-02-28 16:57:00,10001,117
1112,2025-02-28 17:51:00,2025-02-28 18:40:00,10001,112
